ID,ID_ISO_A3,NAM_LABEL,G,SN,NegEx_Form,Source_SN,Source_NegEx,NegExType
ACA-COL,aca,Achagua,"Arawakan, Maipuran, Northern Maipuran, Inland",ho-ka- (auxiliary/particle),hiní; coacao,MIchael 2014: 247,"Aikhenvald 2014: 118, 117",two lexical items
QKA-IND,xua,Alu Kurumba,"Dravidian, Southern, Tamil-Kannada, Tamil-Kodagu, Kodagu",-le (suffix),ille; untji,"Kapp 1982: 141, 151-152","Kapp 1982: 141, 151-152",lexical item; morphologically different from standard negation
PBG-VEN,pbg,Añun,"Arawakan, Maipuran, Northern Maipuran, Caribbean",-pe (suffix),ee-pe,MIchael 2014: 254,Alvarez 2009: 150,identical with standard negation
TKP-SLB,tkp,Anuta,"Austronesian, Malayo-Polynesian, Central-Eastern, Eastern Malayo-Polynesian, Oceanic, Central-Eastern Oceanic, Remote Oceanic, Central Pacific, East Fijian-Polynesian, Polynesian, Nuclear, Samoic-Outlier, Futunic",sise (particle),siei,Clark 1976: 86,Clark 1976: 86,different lexical item
APU-BRA,apu,Apurinã,"Arawakan, Maipuran, Southern Maipuran, Purus",kuna (particle),kuna awa,MIchael 2014: 245,Facundes 2014:128,identical with standard negation
ARD-AUS,ard,Arabana,"Australian, Pama-Nyungan, Karnic, Palku",malyka (particle),padni,Hercus 1994: 237,Hercus 1994: 292-293,constructionally different from standard negation
ARH-COL,arh,Arhuaco,"Chibchan, Aruak",-(u)ʔ (suffix),be...(u)ʔ,"Frank 1990: 49, 64",Frank 1990: 69,identical with standard negation
KWI-COL,kwi,Awa-Cuaiquer,"Barbacoan, Pasto",shi ...-ma (bi-partite),(1) way; (2) shi...-ma,Curnow 1997: 331-333,"Curnow 1997: 332,  226",lexical item; identical to standard negation
BFD-CMR,bfd,Bafut,"Niger-Congo, Atlantic-Congo, Volta-Congo, Benue-Congo, Bantoid, Southern, Wide Grassfields, Narrow Grassfields, Mbam-Nkam, Ngemba",kaa ... wa’a/sì (bi-partite),kaa … wa’a/sì,"Chumbow and Tamanji, 1994: 214-215","Chumbow and Tamanji, 1994: 214-215, 233",identical with standard negation
BMI-TCD,bmi,Bagirmi,"Nilo-Saharan, Central Sudanic, West, Bongo-Bagirmi, Sara-Bagirmi, Bagirmi",li (particle),gwoto,"Stevenson, 1969: 83, 91, 130",Stevenson 1969: 165,different lexical item
BSN-COL,bsn,Barasana,"Tucanoan, Eastern Tucanoan, Central, Southern",-be- (suffix),bãdi-,Jones & Jones 1991: 83,Jones & Jones 1991: 110,different lexical item
BAE-VEN,bae,Bare,"Arawakan, Maipuran, Northern Maipuran, Inland",hena V-(waka) (particle),(1) bed'waka; (2) ind'waka,"MIchael 2014: 245, 252-3","Aikhenvald 1995: 43-4, in passium",different lexical item
BSQ-ESP,eus,Basque,Basque,ez (particle),ez izan/egon,"Hualde 2003: 365, inpassim",Hualde 2003: 365,identical with standard negation
BRG-BOL,brg,Baure,"Arawakan, Maipuran, Southern Maipuran, Bolivia-Parana",noka (particle),nka-wo,MIchael 2014: 245,Danielsen 2007: 198-9,different lexical item
RUW-BLR,bel,Belarusan,"Indo-European, Slavic, East",ne (particle),nema/njama,Marian Sloboda (p.c.),Marian Sloboda (p.c.),different lexical item
GAX-ETH,gax,Borana-Arsi-Guji Oromo,"Afro-Asiatic, Cushitic, East, Oromo",kim- (prefix),kim-...-jira,Stroomer 1995: 83,Stroomer 1995: 83,identical with standard negation
BWF-BIH,bos,Bosnian,"Indo-European, Slavic, South, Western",ne (particle),nema,"Dejan Matic, p.c.","Dejan Matic, p.c.",different lexical item
BRH-PAK,brh,Brahui,"Dravidian, Northern",-pa-/-fa-/ta-/-par-/-far (suffix),(1) a-ffa-; (2) all-,"Andronov, 1980: 57, 61, 69, 72, 73, 76",Andronov 1980: 79,different lexical item
BLG-BGR,bul,Bulgarian,"Indo-European, Slavic, South, Eastern",ne (particle),njama,personal knowledge,personal knowledge,different lexical item
BMS-MMR,mya,Burmese,"Sino-Tibetan, Tibeto-Burman, Lolo-Burmese, Burmish, Southern",ma-...í-hpù (bi-partite),ma-hyí-hpù,Okell 1994: 149,Okell 1994: 149,identical with standard negation
BSK-PAK,bsk,Burushaski,Language Isolate,a- (prefix),up'i,Lorimer 1935: 305,Lorimer 305,different lexical item
RAM-BRA,ram,Canela,"Macro-Ge, Ge-Kaingang, Ge, Northwest, Timbira",nare (particle),nare,Popjes & Popjes 1985: in passim,Popjes & Popjes 1985: in passim,identical with standard negation
CBC-COL,cbc,Carapana,"Tucanoan, Eastern Tucanoan, Central, Tatuyo",-e/-eti; -ẽ/-ẽti (suffix),mani-,Metzger 1981: 61,Metzger 1981: 97,different lexical item
TZM-MAR,tzm,Central Atlas Tamazight,"Afro-Asiatic, Berber, Northern, Atlas",ur (particle),ur,Penchoen 1973: 63,Penchoen 1973: 63,identical with standard negation
KPH-NGA,knc,Central Kanuri,"Nilo-Saharan, Saharan, Western, Kanuri",-bâ; -(n)nyí (suffixes),bâ,"Cyffer, 1998: 39-40",Hutchinson 1981: 172,morphologically different from standard negation
KMR-KHM,khm,Central Khmer,"Austro-Asiatic, Mon-Khmer, Eastern Mon-Khmer, Khmer",min (particle),khmian,"Miestamo, 2003: 245",Noss 1966: 119,different lexical item
MAM-GTM,mam,Central Mam,"Mayan, Quichean-Mamean, Greater Mamean, Mamean",miyaal7 (nyaa7) (particle),mi7aal; mixti7,England 1983: 244,England 1983: 88,constructionally different from standard negation
ESU-USA,esu,Central Yupik,"Eskimo-Aleut, Eskimo, Yupik, Alaskan",-nrite (suffix),taite; -nrite,"Jacobson and Jacobson, 1995: 25",Steve Jaconbson (p.c.),lexical item; identical to standard negation
MIG-MEX,mig,Chalcatongo Mixtec,"Oto-Manguean, Mixtecan, Mixtec-Cuicatec, Mixtec",tu- (clitic),túu,"Macaulay, 1996: 98",Macaulay 1996: 122,constructionally different from standard negation
CDE-IND,cde,Chenchu,"Dravidian, South-Central, Telugu",lēdu/le (particle),un-; le:-,"Trivedi 1978: 54, 70, 80","Trivedi 1978: 46, 47",lexical item; identical to standard negation
CAP-BOL,cap,Chipaya,Uru-Chipaya,ana (particle),ana N zhel-,Cerrón-Palomino 2006: 203,Cerrón-Palomino 2006: 203,identical with standard negation
CKT-RUS,ckt,Chukchi,"Chukotko-Kamchatkan, Northern, Chukot",a-...í-ka (bi-partite),ujŋe,Miestamo 2003: 250,Dunn 1999: 332,different lexical item
CRX-HRV,hrv,Croatian,"Indo-European, Slavic, South, Western",ne (particle),nema,"Dejan Matic, p.c.","Dejan Matic, p.c.",different lexical item
CUB-COL,cub,Cubeo,"Tucanoan, Central Tucanoan",-be-,kɨ-be-,"Chacon 2012: 45, in passim","Chacon 2012: 2, 76",identical with standard negation
CZC-CZE,ces,Czech,"Indo-European, Slavic, West, Czech-Slovak",ne- (prefix),ne-; neni,"Short 1993: 512, Shirokova et al 1973: 396,","Short 1993: 512, Shirokova et al 1973: 396,",lexical item; identical to standard negation
DES-BRA,des,Desano,"Tucanoan, Eastern Tucanoan, Central, Desano",-be/-bi/-bidi (suufix),mãɾĩ; badi,"Silva 2012: 76, in passim","Silva 2012: 209, ff",different lexical item
BVX-COG,bvx,Dibole,"Niger-Congo, Atlantic-Congo, Volta-Congo, Benue-Congo, Bantoid, Southern, Narrow Bantu, Northwest, C, Ngundi (C.20)",-ká- (prefix),há-tí,Leitch 2003: 403,Leitch 1994: 195-9,constructionally different from standard negation
PCI-IND,pci,Duruwa,"Dravidian, Central, Parji-Gadaba",-e/-o- (suffix),cila-,Burrow & Bhattacharya 1953: 64-67,Burrow & Bhattacharya 1953: 64-67,morphologically different from standard negation
FUD-WLF,fud,East Futuna,"Austronesian, Malayo-Polynesian, Central-Eastern, Eastern Malayo-Polynesian, Oceanic, Central-Eastern Oceanic, Remote Oceanic, Central Pacific, East Fijian-Polynesian, Polynesian, Nuclear, Samoic-Outlier, Futunic","lee'se, le'aise; le (verb/particle)",le'e/le'ai,"Moyse-Faurie 1999: 116, in passim","Moyse-Faurie 1999: 116, in passim",constructionally different from standard negation
MAL-RUS,mhr,Eastern Mari,"Uralic, Mari",a- (auxiliary),uke,"Vasikova 1990: 72, Jeremy Bradley p.c.","Vasikova 1990: 72, Jeremy Bradley p.c.",different lexical item
MMW-VUT,mmw,Emae,"Austronesian, Malayo-Polynesian, Central-Eastern, Eastern Malayo-Polynesian, Oceanic, Central-Eastern Oceanic, Remote Oceanic, Central Pacific, East Fijian-Polynesian, Polynesian, Nuclear, Samoic-Outlier, Futunic",sē (particle),ikai,Clark 1976: in passim,Clark 1976: in passim,different lexical item
ENG-GBR,eng,English,"Indo-European, Germanic, West, English",do/be not (auxiliary),no; not,personal knowledge,personal knowledge,negative indefinite; standard negation
MYV-RUS,myv,Erzya,"Uralic, Mordvin",a (particle),aras,Hamari 2007: in passim,Hamari 2007: 91,different lexical item
EST-EST,est,Estonian,"Uralic, Finnic",ei (particle),pole; eij,Tuldava 1994: in passim,Tuldava 1994: 25,lexical item; identical to standard negation
EVN-CHN,evn,Evenki,"Altaic, Tungus, Northern, Evenki",e- (auxiliary),achin,Nedjalkov 1994: 2,"Nedjalkov 1994: 2, Nedjalkov 1997: 97",different lexical item
FIN-FIN,fin,Finnish,"Uralic, Finnic",e- (auxiliary),e- olem,"Matti Miestamo, p.c.",Matti Miestamo p.c.,identical with standard negation
ENF-RUS,enf,Forest Enets,"Uralic, Samoyed",ńi- (auxiliary),d'ago,Laakso et al. 2012,Laakso et al. 2012,different lexical item
FRN-FRA,fra,French,"Indo-European, Italic, Romance, Italo-Western, Western, Gallo-Iberian, Gallo-Romance, Gallo-Rhaetian, O├»l, French",ne ... pas (bi-partite),il n'y a pas,personal knowledge,personal knowledge,identical with standard negation
FUT-VUT,fut,Futuna-Aniwa,"Austronesian, Malayo-Polynesian, Central-Eastern, Eastern Malayo-Polynesian, Oceanic, Central-Eastern Oceanic, Remote Oceanic, Central Pacific, East Fijian-Polynesian, Polynesian, Nuclear, Samoic-Outlier, Futunic",se .... Ma (bi-partite),"skikai, jikai",Clark 1976: in passim,Clark 1976: in passim,different lexical item
CAB-BLZ,cab,Garifuna,"Arawakan, Maipuran, Northern Maipuran, Caribbean",m(ama)-V; úwa (prefix/particle),úwa,"MIchael 2014: 245, 254, 256","Munro & Gallagher (2014: 34-5, 38)",different lexical item
GRT-IND,grt,Garo,"Sino-Tibetan, Tibeto-Burman, Jingpho-Konyak-Bodo, Konyak-Bodo-Garo, Bodo-Garo, Garo",-ja (suffix),dong-ja,Burling 1961: 74,Burling 1961: 74,identical with standard negation
GEO-GEO,kat,Georgian,"Kartvelian, Georgian",ar(a) (particle),ar uarsebniat,Miestamo 2003: 263,Harris 1981: 274,identical with standard negation
DEU-DEU,deu,German,"INdo-Eupean, Germanic",nicht (particle),kein; nicht,"Bernhard Wälchli, p.c.","Bernhard Wälchli, p.c.",negative indefinite; standard negation
ZEN-MRT,zen,Ghadamsi,"Afro-Asiatic, Berber, Zanaga, alt name Ghadamsi",wəl (particle),wəl d,Mettouchi 2009: 288-289,Mettouchi (2009: 288-289),identical with standard negation
GNI-AUS,gni,Gooniyandi,"Australian, Bunaban",mangaddi (particle),maʔami,"McGregor, 1990: 361, 390",McGregor1990: 490,different lexical item
GRK-GRC,ell,Greek,"Indo-European, Greek, Attic",dhen (particle),dhen éxi,"Gerassimia Mattson, p.c.",Creissels 2014: 30,identical with standard negation
kal-GRL,bsq,Greenlandic Inuktitut,"Eskimo-Aleut, Eskimo, Inuit",-it (suffix),-it,"Fortescue 1984: 136, Michael Forstescue p.c.","Fortescue 1984: 136, Michael Forstescue p.c.",identical with standard negation
GUG-PRY,gug,Guarani,"Tupi, Tupi-Guarani, Subgroup I",n(d)a ... i (bi-partite),n-oimé-i,Miestamo 2003: 268,"Guasch 1996: 187, Dejan Matic, p.c.",identical with standard negation
AFB-IRQ,afb,Gulf Spoken Arabic,"Afro-Asiatic, Semitic, Central, South, Arabic",ma(a)/mu(u) (particle),maa'ku,Mahdi 1985: 236,Mahdi 1985: 239,different lexical item
KHK-MNG,khk,Halh Mongolian,"Altaic, Mongolian, Eastern, Oirat-Khalkha, Khalkha-Buriat, Mongolian Proper",-guy (suffix),guy,"Benjamin Brosig, p.c.",Benjamin Brosig p.c.,morphologically different from standard negation
HUA-NGA,hau,Hausa,"Afro-Asiatic, Chadic, West, A, A.1",bá; bā (particles),babù; bâ,Newman 2000: 357,Newman 2000: 357,two lexical items
HWI-USA,haw,Hawaiian,"Austronesian, Malayo-Polynesian, Central-Eastern, Eastern Malayo-Polynesian, Oceanic, Central-Eastern Oceanic, Remote Oceanic, Central Pacific, East Fijian-Polynesian, Polynesian, Nuclear, East, Central, Marquesic",'a'ole; 'a'ohe (verb/particle),'a'ole; a'o'he,Elbert and Pukui 1979: 142,"Elbert  and Pukui 1979: 142, Pila Wilson, p.c.",lexical item; identical to standard negation
heb-ISR,heb,Hebrew,"Afro-Asiatic, Semitic, Central, South, Canaanite",lo (particle),eyn; lo,Berman 1978: 220,Berman 1978: 220,lexical item; identical to standard negation
QUB-PER,qub,Huallaga Huánuco Quechua,"Quechuan, Quechua I",mana ...-cho (bi-partite),mana ...chu,Weber 1996: 444,Weber 1996: 444,identical with standard negation
HNG-HUN,hun,Hungarian,"Uralic, Finno-Ugric, Ugric, Hungarian",nem (particle),nincs,de Groot 1994: 147-8,de Groot 1994: 147-8,different lexical item
ICE-ISL,isl,Icelandic,"Indo-European, Germanic, North, West Scandinavian",ekki (particle),enginn; ekki ... neinn,"Elisabet Eír Cortes, p.c.","Elisabet Eir Cortes, p.c.",negative indefinite; standard negation
QHO-ECU,qvi,Imbabura Highland Quichua,"Quechuan, Quechua II, B",(mana) -chu (bi-partite),(mana) -chu,Peter Cole p.c.,Peter Cole p.c.,identical with standard negation
INA-PER,inp,Iñapari,"Arawakan, Maipuran, Southern Maipuran, Purus",aa- (prefix),aaráwama; paísini,MIchael 2014: 254,Parker 1995: 43,two lexical items
LPI-FIN,smn,Inari Saami,"Uralic, Sami, Eastern",i- (auxiliary),i-,Korhonen 1988: 56,Korhonen 1988: 56,identical with standard negation
INZ-IDN,ind,Indonesian,"Austronesian, Malayo-Polynesian, Malayic, Malayan, Local Malay",tidak (particle),tiada; tidak ada,Sneddon 1996: 195,"Sneddon 1996: 264, in passim",lexical item; identical to standard negation
ITN-ITA,ita,Italian,"Indo-European, Italic, Romance, Italo-Western, Italo-Dalmatian",non (particle),non,"Francesca Di Garbo, p.c.",Francesca di Garbo (p.c.),identical with standard negation
otz-MEX,otz,Ixtenco Otomi,"Otomanguean, Western Otomanguean, Oto-Pame-Chinantecan, Oto-Pamean, Otomi",hingi/hina (particle),ša-kha; ša-phod; kho(ng) mɨi,Lastra 1998: 27,Lastra 1998: 28,several
DYO-SEN,dyo,Jola-Fonyi,"Niger-Congo, Atlantic-Congo, Atlantic, Northern, Bak, Jola, Jola Proper, Jola Central, Jola-Fonyi",-ut; lɛt- (suffix/prefix),lɛt; -lɛt,"Sapir 1965: 30, 33, 94","Sapir 1965: 30, 33, 94",lexical item; identical to standard negation
KTZ-BWA,ktz,Ju/'hoan,"Khoisan, Southern Africa, Northern",|óá (particle),|óá o [SN be],Snyman 1970: in passim,Snyman 1970: in passim,identical with standard negation
KAB-DZA,kab,Kabyle,"Afro-Asiatic, Berber,Northern, Kabyle",u(r) (particle),ulaš,Mettouchi 2009: 288-289,"Mettouchi 2009: 288-289, Amina Mettouchi, p.c.",different lexical item
XAS-RUS,xas,Kamas,"Uralic, Samoyed",(1) ej (particle); (2) e- (auxiliary),naga,"Simoncsics 1988: 594, Donner 1944/Laakso et al. 2012","Simoncsics 1988: 594, Donner 1944/Laakso et al. 2012",different lexical item
KJV-IND,kan,Kannada,"Dravidian, Southern, Tamil-Kannada, Kannada",-illa (suffix),illa,"Sridhar  1990: 111-112, 220","Sridhar  1990: 111-2, 220",morphologically different from standard negation
KPG-FSM,kpg,Kapingamarangi,"Austronesian, Malayo-Polynesian, Central-Eastern, Eastern Malayo-Polynesian, Oceanic, Central-Eastern Oceanic, Remote Oceanic, Central Pacific, East Fijian-Polynesian, Polynesian, Nuclear, Samoic-Outlier, Ellicean",(1) tē (particle); (2) hakarē (particle),(1) hakaree; (2) teai,"Elbert 1948: 30, 48, in passim","Elbert 1948: 30, 48, in passim",two lexical items
CSB-POL,csb,Kashubian,"Indo-European, Slavic, West, Lechitic",ne (particle),n¡ ma,Vladislav Knoll p.c.,Vladislav Knoll p.c.,different lexical item
GYD-AUS,gyd,Kayardild,"Australian, Pama-Nyungan, Tangic",(1) -Tharri (suffix); (2) -nangku(ru) (suffix); (3) -warri (suffix),warrira,"Evans 1995: 256-257, 288, 374","Evans 1995: 375l, Round 2009: 158",morphologically different from standard negation
KET-RUS,ket,Ket,Yeniseian,bən (particle),bəŋsa,Werner 1997: 181,Vall & Kanakin 1990: 82,different lexical item
KCA-RUS,kca,Khanty,Uralic,(1) at (particle); (2) ăntom,ăntom,"Beáta Wagner-Nagy, p.c.","Beáta Wagner-Nagy, p.c.",different lexical item
KHA-IND,kha,Khasi,"Austro-Asiatic, Mon Khmer, Northern Mon Khmer, Khasian",m- (prefix),m-dong [SN-be],Grace Temsen p.c.,Grace Temsen p.c.,identical with standard negation
KIO-USA,kio,Kiowa,"Kiowa Tanoan, Kiowa-Towa, Kiowa",hɔ́n ... -(C)ɔ́/-gú (bi-partite),hé,"Watkins, 1984: 204, 214",Watkins 1984: 216,different lexical item
CKU-USA,cku,Koasati,"Muskogean, Eastern",PERS.NUMBER-ǫ (suffix),exist-SN,Kimball 1991: in passim,Kimball 1991: in passim,identical with standard negation
KFA-IND,kfa,Kodagu,"Dravidian, Southern, Tamil-Kannada, Tamil-Kodagu, Kodagu",(1) -le (suffix); (2) -le/-ille,ille,"Ebert 1996:  22, 27, 41","Ebert 1996:  22, 27, 41",morphologically different from standard negation
KOI-RUS,koi,Komi-Permyak,"Uralic, Permian, Komi",o-/e- (auxiliary),abu-,"Arja Hamari, p.c.","Arja Hamari, p.c.",different lexical item
KPV-RUS,kpv,Komi-Zyrian,"Uralic, Permian, Komi",o-/e-; abu (auxiliary/particle),abu-; o-/e-,"Arja Hamari, p.c.","Arja Hamari, p.c.",lexical item; identical to standard negation
KFC-IND,kfc,Konda-Dora,"Dravidian, South-Central, Gondi-Kui, Konda-Kui, Konda",-t (suffix),sil,"Krishnamurti 1969: 283, 289",Krishnamurti 1969: 289,different lexical item
KKN-KOR,kor,Korean,Language Isolate,an (particle),ops-ta,Sohn 1999: 289-291,Patrick Chew p.c.,different lexical item
COE-COL,coe,Koreguaje,"Tucanoan, Western Tucanoan, Northern, Coreguaje",-máˀ/-ma/-mane (suffix),peo-,"Cook & Criswell 1993: 61, in passim",Cook & Criswell 1993: 62,different lexical item
GVC-BRA,gvc,Kotiria,"Tucanoan, Eastern Tucanoan, Northern",-ér (suffix),bãdia,Stenzel 2013: 246 ff,Stenzel 2013: 202,different lexical item
KFF-IND,kff,Koya,"Dravidian, South-Central, Gondi-Kui, Konda-Kui, Manda-Kui, Kui-Kuvi",-o-/-ō-/-ū-/-v-/-vō-/vū; ill- (suffix/auxiliary),ill-,"Tyler 1969: 83, 96-99",Tyler 1969: 33-5,different lexical item
KGO-SDN,kgo,Krongo,"Nilo-Saharan, Unclassified",áŋ…é; t-ittà (bi-partite/auxiliary),t-ìttà,"Reh 1985: 253, 370",Reh 1985: 374,lexical item; identical to standard negation
NEE-NCL,nee,Kumak,"Austronesian, Malayo-Polynesian, Central-Eastern, Eastern Malayo-Polynesian, Oceanic, Central-Eastern Oceanic, Remote Oceanic, New Caledonian, Northern, Extreme Northern",kio,kia,Moyse-Faurie and Ozanne-Rivierre 1999: 60,Moyse-Faurie and Ozanne-Rivierre 1999: 61,constructionally different from standard negation
KUN-ERI,kun,Kunama,"Nilo-Saharan, Kunama",-mme/nume (suffix),kos-...-mme,Miestamo 2003: 298-9,Bender 1996: 41-43,identical with standard negation
KTO-PNG,kto,Kuot,"East Papuan, Yele-Solomons-New Britain, New Britain, Kuot",təle (particle),karuk,"Eva Lindström, p.c.","Eva Lindström, p.c.",different lexical item
KPC-BRA,kpc,Kurripako,"Arawakan, Maipuran, Northern Maipuran, Inland",khen (particle),khen; khen+pakapa,MIchael 2014: 245,Granadillo 2014: 75,constructionally different from standard negation
KXV-IND,kxv,Kuvi,"Dravidian, South-Central, Gondi-Kui, Konda-Kui, Manda-Kui, Kui-Kuvi",-ʔ(V) (suffix),hil-,"Israel 1979:  62-63, 135-136, 166","Israel 1979:  60-63, 107",constructionally different from standard negation
XWA-BRA,xwa,Kwaza,Isolate,-'he (suffix),a-'he,"van der Voort 2000: 429, in passim","van der Voort 2000: 429, in passim",identical with standard negation
CLE-MEX,cle,Lealao Chinantec,"Oto-Manguean, Chinantecan",ʔa1ʔe2/ʔa1- (particle/prefix),ʔa1ʔe2 sia2,"Rupp 1989: 30, 44",Rupp 1989:11,identical with standard negation
LLN-TCD,lln,Lele,"Afro-Asiatic, Chadic, East, A, A.2, 1",ɗé (particle),wíléʔ; màní ʔé,Frajzyngier 2001: 297,"Frajzyngier, 2001: 213",lexical item; identical to standard negation
LWW-VUT,lww,Lewo,"Austronesian, Malayo-Polynesian, Central-Eastern, Eastern Malayo-Polynesian, Oceanic, Central-Eastern Oceanic, Remote Oceanic, North and Central Vanuatu, Northeast Vanuatu-Banks Islands, Epi, Lamenu-Baki, Lamenu-Lewo",pe…re (poli) (bi-partite),pe…re (poli),"Miestamo, 2003: 305)",MIestamo 2003: 401,identical with standard negation
LEZ-RUS,lez,Lezgi,"North Caucasian, East Caucasian, Lezgic, Nuclear Lezgic, East Lezgic",-č (suffix),awa-č,"Haspelmath 1993: 127, 245",Haspelmath 1993: 136,identical with standard negation
ARW-GUF,arw,Lokono,"Arawakan, Maipuran, Northern Maipuran, Caribbean",khro/kho; ma- (particle; prefix),kawan,MIchael 2014: 245,Patte 2014: 71,different lexical item
WEE-DEU,dsb,Lower Sorbian,"Indo-European, Slavic, West, Sorbian",nje- (prefix),nje-dajo,Stone 1993: 666,"Eduard Werner, p.c.",identical with standard negation
LUA-COD,lua,Luba-Kasai,"Niger-Congo, Atlantic-Congo, Volta-Congo, Benue-Congo, Bantoid, Southern, Narrow Bantu, Central, L, Luba (L.30)",ka- (prefix),ka-ena,Morrison 1906: 58,"Morrison 1906: 80, 333",lexical item; identical to standard negation
LUN-ZMB,lun,Lunda,"Niger-Congo, Atlantic-Congo, Volta-Congo, Benue-Congo, Bantoid, Southern, Narrow Bantu, Central, K, Salampasu-Ndembo (K.30)",nehi; hí-….-kú; wányi (particle/bi-partite/particle),osi,Kawasha 2003: 218 ff,Kawasha 2003: 234,different lexical item
MKJ-MKD,mkd,Macedonian,"Indo-European, Slavic, South, Eastern",ne (particle),nema,personal knowledge,personal knowledge,different lexical item
MYY-BRA,myy,Macuna,"Tucanoan, Eastern Tucanoan, Central, Southern",-be (suffix),bãdi,Smothermon et al. 1995:60,Smothermon et al. 1995: 60,different lexical item
MBC-BRA,mbc,Macushi,"Carib, Northern, East-West Guiana, Macushi-Kapon, Macushi",pra (particle),pîn,Abott 1991: 55,Abott 1991: 55-58,different lexical item
AYZ-IDN,ayz,Mai Brat,"West Papuan, Bird's Head, North-Central Bird's Head, Central Bird's Head",fe (particle),fe/mfe,Dol 1999: 315,Dol 1999: 192,constructionally different from standard negation
MKY-IDN,mky,Makalero,"Austronesian, Malayo-Polynesian, Central-Eastern, Eastern Malayo-Polynesian, South Halmahera-West New Guinea, South Halmahera, East Makian-Gane",nomo (particle),na'an,"Huber 2011:  242, in passim","Juliette Huber, p.c.",different lexical item
MJS-IND,mal,Malayalam,"Dravidian, Southern, Tamil-Kannada, Tamil-Kodagu, Tamil-Malayalam, Malayalam",-illa (suffix),illa,"George 1971: 30,  53","George 1971: 21, 23",morphologically different from standard negation
CHN-CHN,cmn,Mandarin Chinese,"Sino-Tibetan, Chinese",bù; méi(yŏu) (particle/verb),méi(yŏu),Miestamo 2003: 248,Wiedenhof 1994: 103,constructionally different from standard negation
MRV-PYF,mrv,Mangareva,"Austronesian, Malayo-Polynesian, Central-Eastern, Eastern Malayo-Polynesian, Oceanic, Central-Eastern Oceanic, Remote Oceanic, Central Pacific, East Fijian-Polynesian, Polynesian, Nuclear, East, Central, Marquesic",e kore/kakkore (verb),kore,Tregear 1899: in passim,Tregear 1899: in passim,constructionally different from standard negation
MNS-RUS,mns,Mansi,Uralic,"at, āt'im (particle)","āt'I, āt'im","Bernadett Biril, p.c.","Bernadett Biril, p.c.",constructionally different from standard negation
MRI-NZL,mri,Maori,"Austronesian, Malayo-Polynesian, Central-Eastern, Eastern Malayo-Polynesian, Oceanic, Central-Eastern Oceanic, Remote Oceanic, Central Pacific, East Fijian-Polynesian, Polynesian, Nuclear, East, Central, Tahitic",kaōre (verb),kaōre,"Harlow 2007: 154, 161","Harlow 2007: 154, 161",constructionally different from standard negation
ARU-CHL,arn,Mapudungun,Araucanian,-la (suffix),nge-la-e-i-i-mew,"Fernando Zúñiga, p. c.","Fernando Zúñiga, p. c.",identical with standard negation
MEC-AUS,mec,Mara,"Australian, Gunwingguan, Maran, Mara",ganagu; gu-; ŋula (particle/prefix/particle),maƛuy,Heath 1981: 191,Heath 1981: 149-150,different lexical item
MRC-USA,mrc,Maricopa,"Hokan, Esselen-Yuman, Yuman, River Yuman",waly-/aly-...–ma (bi-partite),kuvar,"Gordon 1986: 26, 144",Gordon 1986: 81,different lexical item
VMA-AUS,vma,Martuyhunira,"Australian, Pama-Nyungan, South-West, Coastal Ngayarda",mir.ta (particle),mir.ta,"Dench 1995: 235, 178",Alan Dench p.c.,constructionally different from standard negation
MXE-VUT,mxe,Mele-Fila,"Austronesian, Malayo-Polynesian, Central-Eastern, Eastern Malayo-Polynesian, Oceanic, Central-Eastern Oceanic, Remote Oceanic, Central Pacific, East Fijian-Polynesian, Polynesian, Nuclear, Samoic-Outlier, Futunic",(se)…kē (bi-partite),saai,Clark 2002: in passim,Clark 2002: 692,different lexical item
MOC-ARG,moc,Mocoví,"Mataco-Guaicuru, Guaicuruan",se; mesqay (particles),qayka,Gualdieri 1998: 121ff,Gualdieri 1998: 108-9,different lexical item
MDF-RUS,mdf,Moksha,"Uralic, Mordvin",af; apak-; əź-/iź- (particle/prefix/auxiliary),"aš, ajaš; af, apak-, əź-/iź-","Hamari 2007: 90, in passim","Hamari 2007: 90, in passim",constructionally different from standard negation
MUW-IND,muw,Mundari,"Austro-Asiatic, Munda, North Munda, Kherwari, Mundari",ka- (prefix),baŋgaʔi; ka-,Miestamo 2003: 218,"Osada 1992: 119, 390",lexical item; identical to standard negation
mur-SSD,mur,Murle,"Nilo-Saharan, Eastern Sudanic, Eastern, Surmic, South, Southwest, Didinga-Murle, Murle","alaŋ, ŋaan (particle)",adhi,Miestamo 2003: 318,Lyth 1971: 135-136,different lexical item
HUR-CAN,hur,Musqueam,"Salishan, Central Salish, Halkomelem",ʔə̀wə (particle),ʔə̀wəteʔ,Suttles 2004: 31,Suttles 2004: 128,different lexical item
MWE-TZA,mwe,Mwera,"Niger-Congo, Atlantic-Congo, Volta-Congo, Benue-Congo, Bantoid, Southern, Narrow Bantu, Central, P, Yao (P.20)",-ka- (prefix),jwakwa,"Harries, 1950: 92, 100",Harries 1950: 116,different lexical item
MBJ-BRA,mbj,Nadëb,Maku,dooh (verb),dooh,Miestamo 2003: 318,"Weir 1994:295-6,,301",constructionally different from standard negation
COX-PER,cox,Nanti,"Arawakan, Maipuran, Southern Maipuran, Pre-Andine",tera; hara; matsi (particles),mameri,MIchael 2014: 245,Michael 2014: 186,different lexical item
NAV-USA,nav,Navajo,"Na-Dene, Nuclear Na-Dene, Athapaskan-Eyak, Athapaskan, Apachean, Navajo-Apache, Western Apache-Navajo",dòò…-dà (bi-partite),dòò…-dà,Young 1987: 143-4,Young 1987: 143-4,identical with standard negation
NDF-ZWE,nde,Ndebele,"Niger-Congo, Atlantic-Congo, Volta-Congo, Benue-Congo, Bantoid, Southern, Narrow Bantu, Central, S, Nguni (S.40)",ka-….-i (bi-partite),a-/nga-,Bowern and Lotridge 2002: 43-44,Bowern and Lotridge 2002: 57,different lexical item
NJT-SUR,njt,Ndyuka-Trio Pidgin,Pidgin,(n)á (particle),(n)á,"Huttar and Huttar 1994: 134-6, 141","Huttar and Huttar 1994: 134-6, 141",identical with standard negation
YRK-RUS,yrk,Nenets,"Uralic, Samoyed",ńí; jaŋku (auxiliary),jaŋku,"Laakso et al. 2012, Beàta Wagner Nagy, p.c.","Laakso et al. 2012, Beàta Wagner Nagy, p.c.",different lexical item
NEZ-USA,nez,Nez Perce,"Penutian, Plateau Penutian, Sahaptin",wéeʔu (particle),cáʔya,Miestamo 2003: 237-238,Aoki 1979: 124,different lexical item
NIO-RUS,nio,Nganasan,"Uralic, Samoyed",ńì (particle),d'aŋku,"Laakso et al. 2012, Beàta Wagner-Nagy, p.c.","Laakso et al. 2012, Beàta Wagner-Nagy, p.c.",different lexical item
NLR-AUS,nlr,Ngarla,"Australian, Pama-Nyungan, South-West, Inland Ngayarda",ngurra (particle),ngurra,Westerlund 2013: 83,Westerlund 2013: 83,different lexical item
NGE-CMR,nge,Ngemba,"Niger-Congo, Atlantic-Congo, Volta-Congo, Benue-Congo, Bantoid, Southern, Wide Grassfields, Narrow Grassfields, Mbam-Nkam, Ngemba",kà (particle),kà,Solange Mekangoum p.c.,Solange Mekangoum p.c.,identical with standard negation
NIQ-NIU,niu,Niue,"Austronesian, Malayo-Polynesian, Central-Eastern, Eastern Malayo-Polynesian, Oceanic, Central-Eastern Oceanic, Remote Oceanic, Central Pacific, East Fijian-Polynesian, Polynesian, Tongic","nakai, fakai (verb/particle)","nakai, fakai","Polinskaja 1995: 78, in passim",Polinskaja 1995: 78,identical with standard negation
NIV-RUS,niv,Nivkh,Language Isolate,k'au-; khavr-/ghavr-,-ghavr-,Miestamo 2003: 324-325,Ekaterina Gruzdeva p.c.,morphologically different from standard negation
MRQ-PYF,mrq,North Marquesan,"Austronesian, Malayo-Polynesian, Central-Eastern, Eastern Malayo-Polynesian, Oceanic, Central-Eastern Oceanic, Remote Oceanic, Central Pacific, East Fijian-Polynesian, Polynesian, Nuclear, East, Central, Marquesic",'a'o'e; 'a'e; ē (particles),a'o'e,Krupa 2005: in passim,Krupa 2005: in passim,constructionally different from standard negation
LPR-NOR,sme,North Saami,"Uralic, Sami, Western, Northern",i- (auxiliary),i-,Korhonen 1988: 56,Korhonen 1988: 56,identical with standard negation
EMP-PAN,emp,Northern Emberá,"Choco, Embera, Northern",ẽ (particle),nẽ ẽ-a,Mortensen 1999: 11-12,Mortensen 1999: 101,different lexical item
NKR-FSM,nkr,Nukuoro,"Austronesian, Malayo-Polynesian, Central-Eastern, Eastern Malayo-Polynesian, Oceanic, Central-Eastern Oceanic, Remote Oceanic, Central Pacific, East Fijian-Polynesian, Polynesian, Nuclear, Samoic-Outlier, Ellicean",de (particle),deai,Carroll 1965: 27,Carroll 1965: 27,different lexical item
CIW-USA,ciw,Ojibwe,"Algic, Algonquian, Central, Ojibwa",gaa/gaawii…-sii (bi-partite),gaa/gaawii…-sii,Valentine 2001: 837 ff,Valentine 2001: 849,different lexical item
ONE-CAN,one,Oneida,"Iroquoian, Northern Iroquoian, Five Nations, Mohawk-Oneida",yah (teʔ-) (particle),yah (teʔ-),"Abbott 2000: 15, 20, 44, Karin Michelson p.c.","Abbott 2000: 15, 20, 44, Karin Michelson p.c.",identical with standard negation
OJV-SLB,ojv,Ontong Java,"Austronesian, Malayo-Polynesian, Central-Eastern, Eastern Malayo-Polynesian, Oceanic, Central-Eastern Oceanic, Remote Oceanic, Central Pacific, East Fijian-Polynesian, Polynesian, Nuclear, Samoic-Outlier, Ellicean",se (particle),seai,Clark 1976: 85,Clark 1976: 85,different lexical item
PAL-BRA,plu,Palikúr,"Arawakan, Maipuran, Eastern Maipuran",ka (particle),yuma(h),MIchael 2014: 245,Launey 2003: 199,different lexical item
PAB-BRA,pab,Parecís,"Arawakan, Maipuran, Central Maipuran","maitsa, maiha (particle)",maiha,MIchael 2014: 245,Brandão 2014:175,identical with standard negation
PNH-COK,pnh,Penrhyn,"Austronesian, Malayo-Polynesian, Central-Eastern, Eastern Malayo-Polynesian, Oceanic, Central-Eastern Oceanic, Remote Oceanic, Central Pacific, East Fijian-Polynesian, Polynesian, Nuclear, East, Central, Tahitic",ee kore,kore,Clark 1976: 99,Clark 1976: 99,constructionally different from standard negation
PHL-PAK,phl,Palula,"Indo-European, Indo-Iranian, Indo-Aryan, Northwest zone, Dardic, Shina",na (particle),na,"Henrik Liljegren & Nasim Najder, p.c.","Henrik Liljegren & Nasim Najder, p.c.",identical with standard negation
PIO-COL,pio,Piapoco,"Arawakan, Maipuran, Northern Maipuran, Inland",kami- (auxiliary),caná,MIchael 2014: 247,Aikhenvald 2014: 118,different lexical item
PIV-SLB,piv,Pileni,"Austronesian, Malayo-Polynesian, Central-Eastern, Eastern Malayo-Polynesian, Oceanic, Central-Eastern Oceanic, Remote Oceanic, Central Pacific, East Fijian-Polynesian, Polynesian, Nuclear, Samoic-Outlier, Futunic",siai (particle),(hiek)khiloa; siai,"Næss 2000: 57, Åshild Næss p.c.","Næss 2000: 57, Åshild Næss p.c.",constructionally different from standard negation
PPL-SLV,ppl,Pipil,"Uto-Aztecan, Southern Uto-Aztecan, Aztecan, General Aztec, Pipil",tesu (particle),tesu,Campbell 1985: 268,Campbell 1985: 268,identical with standard negation
PQL-POL,pol,Polish,"Indo-European, Slavic, West, Lechitic",nie (prefix),nie ma,"Rothstein 1993: 742, Marcin Kilarski, p.c.",Rothstein 1993: 742,different lexical item
TSZ-MEX,tsz,Purepecha,Tarascan,'no (particle),nooNpe,Miestamo 2003: 364-365,Chamoreau 2003: 88,different lexical item
ALC-CHL,alc,Qawasqar,Alacalufan,qjawel/qjep (particle/suffix),qjawel/qjep,Clairis 1958: in passim,Clairis 1985: in pasim,constructionally different from standard negation
PBA-CHL,rap,Rapa Nui,"Austronesian, Malayo-Polynesian, Central-Eastern, Eastern Malayo-Polynesian, Oceanic, Central-Eastern Oceanic, Remote Oceanic, Central Pacific, East Fijian-Polynesian, Polynesian, Nuclear, East, Rapanui",'ina (particle),ina,Du Feu 1996: 35,Du Feu 1996: 35,constructionally different from standard negation
RRT-COK,rar,Rarotongan,"Austronesian, Malayo-Polynesian, Central-Eastern, Eastern Malayo-Polynesian, Oceanic, Central-Eastern Oceanic, Remote Oceanic, Central Pacific, East Fijian-Polynesian, Polynesian, Nuclear, East, Central, Tahitic",kāre (particle),kāre,Buse 1963: 396,Buse 1963: 396,constructionally different from standard negation
MNV-SLB,mnv,Rennell-Belona,"Austronesian, Malayo-Polynesian, Central-Eastern, Eastern Malayo-Polynesian, Oceanic, Central-Eastern Oceanic, Remote Oceanic, Central Pacific, East Fijian-Polynesian, Polynesian, Nuclear, Samoic-Outlier, Futunic",he'e (particle),si'ai,Elbert and Monberg 1965: 112,Elbert and Monberg 1965: 112,different lexical item
TNC-COL,tnc,Retuarã,"Tucanoan, Western Tucanoan, Tanimuca",-be (suffix),-be,"Strom 1992: , 1456","Strom  1992: 146, 174",identical with standard negation
RUS-RUS,rus,Russian,"Indo-European, Slavic, East",ne (particle),net,personal knowledge,personal knowledge,different lexical item
SBE-PNG,sbe,Saliba,"Austronesian, Malayo-Polynesian, Central-Eastern, Eastern Malayo-Polynesian, Oceanic, Western Oceanic, Papuan Tip, Nuclear, Suauic",nige particle),nige,Margetts 1999: 31,Margetts 1999: 31,identical with standard negation
SMY-WSM,smo,Samoan,"Austronesian, Malayo-Polynesian, Central-Eastern, Eastern Malayo-Polynesian, Oceanic, Central-Eastern Oceanic, Remote Oceanic, Central Pacific, East Fijian-Polynesian, Polynesian, Nuclear, Samoic-Outlier, Samoan",lē (particle),leai,"Mosel and Hovhaugen 1994: 376, in passim",Mosel and Hovhaugen 1994: 526,different lexical item
SEY-ECU,sey,Secoya,"Tucanoan, Western Tucanoan, Northern, Siona-Secoya",-ma',peo,Orville & Levinsohn 1990:64,"Orville & Levinsohn 1990: 64, in passim",different lexical item
SNW-GHA,snw,Selee,"Niger-Congo, Atlantic-Congo, Volta-Congo, Kwa, Nyo, Potou-Tano, Lelemi, Likpe-Santrokofi",(several),-naa,Agbetsoamedo 2014: 25-26,Yvone Agbetsoamedo,different lexical item
SAK-RUS,sel,Selkup,"Uralic, Samoyed",ašša (particle),cääŋka,"Beàta Wagner-Nagu p.c., Laakso et al. 2012","Beàta Wagner-Nagu p.c., Laakso et al. 2012",constructionally different from standard negation
SET-IDN,set,Sentani,"Trans-New Guinea, Main Section, Central and Western, Sentani, Sentani Proper",V-…-i (bi-partite),"olo [+human], an [+/-animate]; ban [+animate]; u [-animate]",Hartzler 1994: 52-53,Hartzler 1994: 60-1,different lexical item
SDD-SCG,srp,Serbian,"Indo-European, Slavic, South, Western",ne (particle),nema,Dejan Matic p.c.,Dejan Matic p.c.,different lexical item
SNA-ZWE,sna,Shona,"Niger-Congo, Atlantic-Congo, Volta-Congo, Benue-Congo, Bantoid, Southern, Narrow Bantu, Central, S, Shona (S.10)",ha- (prefix),apana/amuna,"Dale 1975: 3-4, ff","Biehler 1950: 155, 229",different lexical item
SKY-SLB,sky,Sikaiana,"Austronesian, Malayo-Polynesian, Central-Eastern, Eastern Malayo-Polynesian, Oceanic, Central-Eastern Oceanic, Remote Oceanic, Central Pacific, East Fijian-Polynesian, Polynesian, Nuclear, Samoic-Outlier, Ellicean",hee (particle),heai,Clark 1976: 86,Clark 1976: 86,different lexical item
SNN-COL,snn,Siona,"Tucanoan, Western Tucanoan, Northern, Siona-Secoya",-ma' (suffix),beo,"Bruil 2014: 211, 178","Bruil 2014: 244, 251",different lexical item
SRI-COL,sri,Siriano,"Tucanoan, Eastern Tucanoan, Central, Desano",-bẽ/-biri (suffix),bãri,Criswell & Brandup 2000: 403,Criswell & Brandup 2000: 403-4,different lexical item
LPK-FIN,sms,Skolt Saami,"Uralic, Sami, Eastern",ij; i'lla (verbs),ij; i'lla,"MIestamo & Koponen, 2015: 22","MIestamo & Koponen, 2015: 22",lexical item; identical to standard negation
SLO-SVK,slk,Slovak,"Indo-European, Slavic, West, Czech-Slovak",nie- (prefix),(1) nieto; (2) nie je,"Short 1993: 577, Markus Giger p.c.","Short 1993: 577, Markus Giger p.c.",lexical item; identical to standard negation
SLV-SVN,slv,Slovenian,"Indo-European, Slavic, South, Western",ne (particle),ne,Herrity 2000: 112,Herrity 2000: 112,identical with standard negation
SES-MLI,ses,Songhay Koyraborro Senni,"Nilo-Saharan, Songhai, Southern",mana; sii (particles),sii; mana,Heath 1999: 143-152,Heath 1999: 143-152,lexical item; identical to standard negation
QMS-PYF,mqm,South Marquesan,"Austronesian, Malayo-Polynesian, Central-Eastern, Eastern Malayo-Polynesian, Oceanic, Central-Eastern Oceanic, Remote Oceanic, Central Pacific, East Fijian-Polynesian, Polynesian, Nuclear, East, Central, Marquesic",a'o'e (verb),a'o'e,Clark 1976: 99,Clark 1976: 99,constructionally different from standard negation
LPC-SWE,sma,South Saami,"Uralic, Sami, Western, Southern",i- (auxiliary),i-,Cecilia Hedlund p.c.,Cecilia Hedlund p.c.,identical with standard negation
GGO-IND,ggo,Southern Gondi,"Dravidian, South-Central, Gondi-Kui, Gondi",-o-/-v-; -sil (suffixes),sil,Lincoln 1969: 122-134,Lincoln 1969: 122-134,morphologically different from standard negation
SPN-ESP,spa,Spanish,"Indo-European, Italic, Romance, Italo-Western, Western, Gallo-Iberian, Ibero-Romance, West Iberian, Castilian",no (particle),no hay,personal knowledge,personal knowledge,identical with standard negation
SUE-PNG,sue,Suena,"Trans-New Guinea, Main Section, Eastern, Binanderan, Binanderean Proper",kaka; oko (particles),tepo,Miestamo 2003: 350,Wilson 1974: 112,different lexical item
SPP-MLI,spp,Supyire Senoufo,"Niger-Congo, Atlantic-Congo, Volta-Congo, North, Gur, Senufo, Suppire-Mamara",(nye)…mʔ (bi-partite),(nye)…mʔ,Carlson 1994: 247,Carlson 1994: 247,identical with standard negation
SWD-SWE,swe,Swedish,"Indo-European, Germanic, North, East Scandinavian, Danish-Swedish, Swedish",inte (particle),(1) ingen; (2) inte,personal knowledge,Bordal (2017),negative indefinite; standard negation
MKY-IDN,mky,Taba,"Austronesian, Malayo-Polynesian, Central-Eastern Malayo-Polynesian, Eastern Malayo-Polynesian, South Halmahera-West New Guinea, South Halmahera, East Makian-Gane",te (particle),te,Bowden 2001: 238,Bowden 2001: 238,identical with standard negation
SHY-DZA,shy,Tachawit,"Afro-Asiatic, Berber, Zenati, Shawiya",u(r/d) (particle),(1) ulliš; (2) ud--illi,Mettouchi 2009: 288-289,Mettouchi 2009: 288-289,lexical item; identical to standard negation
SHI-MAR,shi,Tachelhit,"Afro-Asiatic, Berber, Northern, Atlas",ur (particle),lah᷊,Mettouchi 2009: 288-289,Mettouchi 2009: 288-289,different lexical item
TGL-PHL,tgl,Tagalog,"Austronesian, Malayo-Polynesian, Meso Philippine, Central Philippine, Tagalog",hindi (particle),wala,"Miestamo 2003: 352, Carl Rubino, p.c.",Schachter 1972: 521-523,different lexical item
THT-PYF,tah,Tahitian,"Austronesian, Malayo-Polynesian, Central-Eastern, Eastern Malayo-Polynesian, Oceanic, Central-Eastern Oceanic, Remote Oceanic, Central Pacific, East Fijian-Polynesian, Polynesian, Nuclear, East, Central, Tahitic",'a'ita/'a'ore/'e'ita/'e'ore (verb/particle),(1) 'ai'ta; (2) 'aore,Lazard and Peltzer 1999: 151-152,Lazard and Peltzer 1999: 148,constructionally different from standard negation
TCV-IND,tam,Tamil,"Dravidian, Southern, Tamil-Kannada, Tamil-Kodagu, Tamil-Malayalam, Tamil",-ill-; -ā (suffixes),il-,"Lehmann 1993: 221, 229-230","Lehmann1993: 221, 229-230",morphologically different from standard negation
TAE-BRA,tae,Tariano,"Arawakan, Maipuran, Northern Maipuran, Inland",ma-V-Kade/kasu (bi-partite),(1) sede; (2) kurripua,MIchael 2014: 254,"Aikhenvald 2014: 108,110",two lexical items
RIF-MAR,rif,Tarifit,"Afro-Asiatic, Berber, Zenati, Riff",ur (particle),(1) ulaš; (2) (ur) … (ša),Mettouchi 2009: 288-289,Mettouchi (2009: 288-289),lexical item; identical to standard negation
TAV-COL,tav,Tatuyo,"Tucanoan, Eastern Tucanoan, Central, Tatuyo",-ke/-keti (suffix),mani,"Bostrom 1998: 60, in passim",Bostrom 1998: 61,different lexical item
TCW-IND,tel,Telugu,"Dravidian, South-Central, Telugu",lēdu (auxiliary); -a- (suffix),lee,"Krishnamurti & Gwynn 1985: 149, 155, 162, 218","Krishnamurti & Gwynn 1985: 149, 155, 162",constructionally different from standard negation
TIO-PNG,tio,Teop,"Austronesian, Malayo-Polynesian, Central-Eastern, Eastern Malayo-Polynesian, Oceanic, Western Oceanic, Meso Melanesian, New Ireland, South New Ireland-Northwest Solomonic, Nehan-North Bougainville, Saposa-Tinputz",san … haa (bi-partite),ahiki,Mosel & Spriggs 1999: 45,Mosel & Spriggs 1999: 49,different lexical item
TEA-BRA,ter,Terêna,"Arawakan, Maipuran, Southern Maipuran, Bolivia-Parana",ako; hyoko V (particle),ako N(-ino(-OBJ)),MIchael 2014: 245,Bendor-Samuel 1961: 67/Ekdahl & Butler 1979:74,constructionally different from standard negation
TTM-IDN,tet,Tetun,"Austronesian, Malayo-Polynesian, Central-Eastern, Central Malayo-Polynesian, Timor, Nuclear Timor, East",ha'i; la (particles),ha'i; la n'o,van Klinken 1999: 228-231,van Klinken 1999: 187,identical with standard negation
THJ-THA,tha,Thai,"Tai-Kadai, Kam-Tai, Be-Tai, Tai-Sek, Tai, Southwestern, East Central, Chiang Saeng",may (particle),may1,"Tu Zlatev, p.c.","Tu Zlatev, p.c.",identical with standard negation
TOK-TKL,tkl,Tokelauan,"Austronesian, Malayo-Polynesian, Central-Eastern, Eastern Malayo-Polynesian, Oceanic, Central-Eastern Oceanic, Remote Oceanic, Central Pacific, East Fijian-Polynesian, Polynesian, Nuclear, Samoic-Outlier, Tokelauan",hē (particle),heai,Vonen 1999: 136,Vonen 1999: 135,different lexical item
TOI-ZMB,toi,Tonga,"Niger-Congo, Atlantic-Congo, Volta-Congo, Benue-Congo, Bantoid, Southern, Narrow Bantu, Central, M, Lenje-Tonga (M.60), Tonga",tií- (prefix),(1) -kew; (2) -(ny)ina,Carter 2002: 44,Carter 2002: 70,two lexical items
TOV-TON,ton,Tongan,"Austronesian, Malayo-Polynesian, Central-Eastern, Eastern Malayo-Polynesian, Oceanic, Central-Eastern Oceanic, Remote Oceanic, Central Pacific, East Fijian-Polynesian, Polynesian, Tongic",'ikai (verb),'ikai,Broschart 1999: 103,Broschart 1999: 101,constructionally different from standard negation
FIT-SWE,fit,Tornedalen Finnish,"Uralic, Finnic",e- (auxiliary),e-,Berit Niva p.c.,Berit Niva p.c.,identical with standard negation
TRN-BOL,trn,Trinitario,"Arawakan, Maipuran, Southern Maipuran, Bolivia-Parana",wo~wi~wo'i-TAM V-IRR (auxiliary),-jina,MIchael 2014: 247,Rose 2014: 221,different lexical item
TSW-BWA,tsn,Tswana,"Niger-Congo, Atlantic-Congo, Volta-Congo, Benue-Congo, Bantoid, Southern, Narrow Bantu, Central, S, Sotho-Tswana (S.30), Tswana",gá-góná (particle),gá-góná,Cole & Mokaila 1962: 41,Cole & Mokaila 1962: 41,identical with standard negation
THV-DZA,thv,Tuareg,"Afro-Asiatic, Berber, Tamazheq, alt name Tuareg",ur (particle),aba/ba,Mettouchi 2009: 288-289,Mettouchi (2009: 288-289),different lexical item
TUO-BRA,tuo,Tucano,"Tucanoan, Eastern Tucanoan, Northern",-ti; '-we'efor,mãrí/bãdí,Ramirez 1997: 152-3,Ramilrez 1997: 154,different lexical item
KHC-IDN,khc,Tukang Besi North,"Austronesian, Malayo-Polynesian, Sulawesi, Muna-Buton, Tukangbesi-Bonerate",mbea(ka) (particle),mbea’a,Donohue 1999: 450,Donohue 1999: 364,different lexical item
TUV-KEN,tuv,Turkana,"Nilo-Saharan, Eastern Sudanic, Nilotic, Eastern, Lotuxo-Teso, Teso-Turkana, Turkana",ɲi- (prefix),a-mamaka-ύ,Dimmendaal 1983: 442,Dimmendaal 1983: 455-456,different lexical item
TUR-TUR,tur,Turkish,"Altaic, Turkic, Southern, Turkish",-mA (suffix),yok,Miestamo 2003: 359,van Shaaik 1994: 44,different lexical item
ELL-TUV,tvl,Tuvaluan,"Austronesian, Malayo-Polynesian, Central-Eastern, Eastern Malayo-Polynesian, Oceanic, Central-Eastern Oceanic, Remote Oceanic, Central Pacific, East Fijian-Polynesian, Polynesian, Nuclear, Samoic-Outlier, Ellicean",see/hee (particle),seeai,Besnier 2000: 180,Besnier 2000: 121,different lexical item
TUE-COL,tue,Tuyuca,"Tucanoan, Eastern Tucanoan, Central, Bara",-riin; -e,mani,Barnes 2012: 37,"Barnes 2012: 37, in passim",different lexical item
UDI-AZE,udi,Udi,"North Caucasian, East Caucasian, Lezgic, Udi",-te- (suffix),te-,Timur Maisak p.c.,Timur Maisak p.c.,identical with standard negation
UDM-RUS,udm,Udmurt,"Uralic, Permian",ö- (auxiliary),övöl,Winkler 2001: in passim,Winkler 2001: in passim,different lexical item
UKR-UKR,ukr,Ukrainian,"Indo-European, Slavic, East",ne (particle),nema(je),Pugh and Press: 292,Pugh and Press: 292,different lexical item
LPU-SWE,sju,Ume Saami,"Uralic, Sami, Southern",i- (auxiliary),i-,Cecilia Hedlund p.c.,Cecilia Hedlund p.c.,identical with standard negation
WEN-DEU,hsb,Upper Sorbian,"Indo-European, Slavic, West, Sorbian",nje- (prefix),ne,Stone 1993: 666,Eduard Werner p.c.,identical with standard negation
WNU-PNG,wnu,Usan,"Trans-New Guinea, Madang-Adelbert Range, Adelbert Range, Pihom-Isumrud-Mugil, Pihom, Numugenan",me (particle),ue,"Reesink 1987: 278, 57, 99",Reesink 1987: 273-274,different lexical item
UTE-USA,ute,Ute-Southern Paiute,"Uto-Aztecan, Northern Uto-Aztecan, Numic, Southern",ka … wa (bi-partite),ka-NOUN-'wa,Givòn and Southern Ute Tribe 1980: 278,Givòn and Southern Ute Tribe 1980: 278,constructionally different from standard negation
VEP-RUS,vep,Veps,"Uralic, Finnic",ei (particle),(1) pole; (2) ei,Bernhard Wälchli p.c.,Bernhard Wälchli p.c.,lexical item; identical to standard negation
VIE-VNM,vie,Vietnamese,"Austro-Asiatic, Mon-Khmer, Viet-Muong, Vietnamese",không (particle),không (cô) NOUN,"Thompson 1965: 208-9, 211, 216","Thompson 1965: 208-9, 211, 216",identical with standard negation
VOD-RUS,vot,Vod,"Uralic, Finnic",e- (auxiliary),e-,Ariste 1968:  80,Ariste 1968:  80,identical with standard negation
WAL-WLF,wls,Wallisian,"Austronesian, Malayo-Polynesian, Central-Eastern, Eastern Malayo-Polynesian, Oceanic, Central-Eastern Oceanic, Remote Oceanic, Central Pacific, East Fijian-Polynesian, Polynesian, Nuclear, Samoic-Outlier, East Uvean-Niuafo'ou",morel (verb),mole,Rensch 1982: in passim,Rensch 1982: in passim,constructionally different from standard negation
WYB-AUS,wyb,Wangaaybuwan-Ngiyambaa,"Australian, Pama-Nyungan, Wiradhuric",waŋa (particle),-Dhalaba,Donaldson 1980: 239,Donaldson 1980: 111,privative suffix
WBA-VEN,wba,Warao,Language Isolate,-naka (suffix),ekira; ana,Miestamo 2003: 364-365,Romero-Figeroa 1997: 88,negative indefinite
MHT-BRA,mht,Warekena,"Arawakan, Maipuran, Northern Maipuran, Inland",ya=...=pia (bi-partite),ya-beda-pia,MIchael 2014: 253,"Aikhenvald 1998: 250, 266",different lexical item
WAU-BRA,wau,Wauja,"Arawakan, Maipuran, Central Maipuran",aitsa (particle),mano,MIchael 2014: 245,Ball 2014: 166ff,different lexical item
GUC-COL,guc,Wayuu,"Arawakan, Maipuran, Northern Maipuran, Caribbean",noho(l)- (auxiliary),nnojola/nnojoloo,MIchael 2014: 247,Captain & Captain 2005: 37,different lexical item
KEW-PNG,kew,West Kewa,"Trans-New Guinea, Main Section, Central and Western, East New Guinea Highlands, West-Central, Angal-Kewa",na- (particle),dia (ta),Miestamo 2003: 291,Franklin and Franklin 1978: 127,different lexical item
UVE-NCL,uve,West Uvean,"Austronesian, Malayo-Polynesian, Central-Eastern, Eastern Malayo-Polynesian, Oceanic, Central-Eastern Oceanic, Remote Oceanic, Central Pacific, East Fijian-Polynesian, Polynesian, Nuclear, Samoic-Outlier, Futunic",hē (particle),siai,Clark 1976: 86,Clark 1976: 86,different lexical item
PES-IRN,pes,Western Farsi,"Indo-European, Indo-Iranian, Iranian, Western, Southwestern, Persian",na- (prefix),nist,Miestamo 2003: 336),"Mahootian 1997: 89, Donald Stilo p.c.",different lexical item
JAI-GTM,jai,Western Jacalteco,"Mayan, Kanjobalan-Chujean, Kanjobalan, Kanjobal-Jacaltec",mach; mat …-oj (particle/bi-partite),mach,Miestamo 2003: 282,"Craig 1977: 27, Day 1973: 62",constructionally different from standard negation
MRJ-RUS,mrj,Western Mari,"Uralic, Mari",a- (verb),uke,Vasikova 1990: 72-73,Vasikova 1990: 72-73,different lexical item
WIT-USA,wit,Wintu,"Penutian, California Penutian, Wintuan",Ɂelew…mina (bi-partite),mina,Pitkin 1984: 197-199,Pitkin 1984: 197-199,morphologically different from standard negation
AME-PER,ame,Yanesha',"Arawakan, Maipuran, Western Maipuran",ama ...-e/o (bi-partite),ama eñalle,MIchael 2014: 257,"Duff-Tripp 1998: 155, in passim",identical with standard negation
YVT-VEN,yvt,Yavitero,"Arawakan, Maipuran, Northern Maipuran, Inland",jata (particle),jata/jáinta,MIchael 2014: 245,Mosonyi 1987: 87,different lexical item
YEE-PNG,yee,Yimas,"Sepik-Ramu, Nor-Pondo, Pondo",ta-; 'ina (prefix/particle),kayak,"Foley, 1991: 251-252, 263",Foley 1991:  461,different lexical item
PIB-PER,pib,Yine,"Arawakan, Maipuran, Southern Maipuran, Purus",hi (particle),maleSa,MIchael 2014: 245,Hanson 2010: 303,different lexical item
YOR-NGA,yor,Yoruba,"Niger-Congo, Atlantic-Congo, Volta-Congo, Benue-Congo, Defoid, Yoruboid, Edekiri",ko (particle),kó wà; kó sí,Ward 1952: 137,Bode 2000: 260,lexical item; identical to standard negation
YCN-COL,ycn,Yucuna,"Arawakan, Maipuran, Northern Maipuran, Inland",unka ...-la- (bi-partite),unká i'imalá,MIchael 2014: 257,"Schauer, Schauer, Yucuna & Yucuna 2005:154, in passim",different lexical item
DIQ-TUR,diq,Zazaki,"Indo-European, Indo-Iranian, Iranian, Western, Northwestern, Zaza-Gorani",'ne-/'ni- (prefix),’t͡shino,"Sandonato, 1994: 130-131",Sandonato 1994: 133,different lexical item
